2022-02-04T09:45,"Femera 0.3.178+g5a0bb7a", 3486,   82,  606,   21,   20,   22,00:00:29,"mpic++ 4.8.5","LASLR18020100.ndc.nasa.gov","i7-7820HQ"
2022-02-04T09:00,"Femera 0.3.179+gefc0264", 3486,   82,  606,   21,   20,   22,00:00:29,"mpic++ 4.8.5","LASLR18020100.ndc.nasa.gov","i7-7820HQ"
2022-02-04T10:15,"Femera 0.3.180+gc147d86", 3486,   82,  606,   21,   20,   22,00:00:29,"mpic++ 4.8.5","LASLR18020100.ndc.nasa.gov","i7-7820HQ"
2022-02-04T10:30,"Femera 0.3.181+gac5dfeb", 3486,   82,  606,   21,   20,   22,00:00:30,"mpic++ 4.8.5","LASLR18020100.ndc.nasa.gov","i7-7820HQ"
2022-02-04T10:52,"Femera 0.3.182+gcca9222", 3486,   82,  606,   21,   20,   22,00:00:30,"mpic++ 4.8.5","LASLR18020100.ndc.nasa.gov","i7-7820HQ"
2022-02-04T10:55,"Femera 0.3.183+g66f5d57", 3486,   82,  606,   21,   20,   22,00:00:30,"mpic++ 4.8.5","LASLR18020100.ndc.nasa.gov","i7-7820HQ"
2022-02-04T11:19,"Femera 0.3.183+g66f5d57", 3486,   82,  606,   21,   17,   22,00:01:00,"mpic++ 9.2.0","k4-li1","5118"
2022-02-04T11:43,"Femera 0.3.184+gcfd4bea", 3486,   82,  606,   21,   17,   22,00:01:05,"mpic++ 9.2.0","k4-li1","5118"
2022-02-04T11:55,"Femera 0.3.184+gcfd4bea", 3486,   82,  606,   21,   20,   22,00:00:30,"mpic++ 4.8.5","LASLR18020100.ndc.nasa.gov","i7-7820HQ"
2022-02-05T14:18,"Femera 0.3.185+gdbfc310", 3598,   87,  633,   22,   21,   23,00:00:33,"mpic++ 4.8.5","LASLR18020100.ndc.nasa.gov","i7-7820HQ"
2022-02-05T16:09,"Femera 0.3.186+g644d186", 3639,   89,  648,   23,   21,   23,00:00:31,"mpic++ 4.8.5","LASLR18020100.ndc.nasa.gov","i7-7820HQ"
2022-02-06T14:12,"Femera 0.3.187+gc2585e1", 3663,   89,  648,   23,   22,   24,00:00:31,"mpic++ 4.8.5","LASLR18020100.ndc.nasa.gov","i7-7820HQ"
2022-02-06T14:32,"Femera 0.3.188+gbeebaf8", 3663,   89,  648,   23,   22,   24,00:00:30,"mpic++ 4.8.5","LASLR18020100.ndc.nasa.gov","i7-7820HQ"
2022-02-07T12:00,"Femera 0.3.189+g4a335ac", 3674,   89,  648,   23,   22,   23,00:00:31,"mpic++ 4.8.5","LASLR18020100.ndc.nasa.gov","i7-7820HQ"
2022-02-07T12:58,"Femera 0.3.190+gb324437", 3680,   89,  648,   23,   22,   23,00:00:34,"mpic++ 4.8.5","LASLR18020100.ndc.nasa.gov","i7-7820HQ"
2022-02-09T11:58,"Femera 0.3.191+ge8f5796", 3727,   89,  652,   23,   22,   22,00:00:34,"mpic++ 4.8.5","LASLR18020100.ndc.nasa.gov","i7-7820HQ"
2022-02-09T12:58,"Femera 0.3.192+g0b1f6ec", 3727,   89,  652,   23,   22,   22,00:00:32,"mpic++ 4.8.5","LASLR18020100.ndc.nasa.gov","i7-7820HQ"
2022-02-10T12:10,"Femera 0.3.193+gb42c6ae", 3786,   89,  652,   23,   22,   22,00:00:31,"mpic++ 4.8.5","LASLR18020100.ndc.nasa.gov","i7-7820HQ"
2022-02-10T12:21,"Femera 0.3.194+g80e7c80", 3790,   90,  652,   23,   19,   22,00:00:32,"mpic++ 4.8.5","LASLR18020100.ndc.nasa.gov","i7-7820HQ"
2022-02-10T12:42,"Femera 0.3.195+g3f0d07c", 3790,   90,  652,   23,   19,   22,00:00:34,"mpic++ 4.8.5","LASLR18020100.ndc.nasa.gov","i7-7820HQ"
2022-02-12T18:15,"Femera 0.3.196+g5f2ca24", 3821,   90,  652,   23,   19,   22,00:00:18,"mpic++ 4.8.5","LASLR18020100.ndc.nasa.gov","i7-7820HQ"
2022-02-12T18:34,"Femera 0.3.197+g22fd32c", 3821,   90,  652,   23,   19,   22,00:00:17,"mpic++ 4.8.5","LASLR18020100.ndc.nasa.gov","i7-7820HQ"
2022-02-14T15:23,"Femera 0.3.198+g04ff2d4", 3933,   94,  663,   24,   25,   23,00:00:20,"mpic++ 4.8.5","LASLR18020100.ndc.nasa.gov","i7-7820HQ"
2022-02-14T18:22,"Femera 0.3.199+gaa91b1d", 3984,   94,  663,   24,   24,   26,00:00:20,"mpic++ 4.8.5","LASLR18020100.ndc.nasa.gov","i7-7820HQ"
2022-02-15T10:22,"Femera 0.3.200+g6f8aae7", 3984,   94,  663,   24,   24,   26,00:00:18,"mpic++ 4.8.5","LASLR18020100.ndc.nasa.gov","i7-7820HQ"
2022-02-15T12:41,"Femera 0.3.201+gbb5c447", 3944,   94,  663,   24,   24,   26,00:00:21,"mpic++ 4.8.5","LASLR18020100.ndc.nasa.gov","i7-7820HQ"
2022-02-15T18:32,"Femera 0.3.202+g12dbef9", 3992,   94,  719,   24,   26,   28,00:00:20,"mpic++ 4.8.5","LASLR18020100.ndc.nasa.gov","i7-7820HQ"
2022-02-16T14:50,"Femera 0.3.203+gd53e05b", 4178,   99,  734,   25,   29,   33,00:00:21,"mpic++ 4.8.5","LASLR18020100.ndc.nasa.gov","i7-7820HQ"
2022-02-16T16:44,"Femera 0.3.204+g8de12d8", 4113,   99,  740,   25,   30,   26,00:00:21,"mpic++ 4.8.5","LASLR18020100.ndc.nasa.gov","i7-7820HQ"
2022-02-16T19:00,"Femera 0.3.205+gb53b565", 4149,   99,  776,   25,   30,   26,00:00:26,"mpic++ 4.8.5","LASLR18020100.ndc.nasa.gov","i7-7820HQ"
2022-02-16T19:49,"Femera 0.3.206+ga526f67", 4149,   99,  776,   25,   32,   26,00:00:22,"mpic++ 4.8.5","LASLR18020100.ndc.nasa.gov","i7-7820HQ"
2022-02-17T10:19,"Femera 0.3.207+gdaef8b1", 4147,   99,  776,   25,   32,   26,00:00:19,"mpic++ 4.8.5","LASLR18020100.ndc.nasa.gov","i7-7820HQ"
2022-02-17T10:57,"Femera 0.3.209+g1b8c85e", 4147,   99,  776,   25,   32,   26,00:00:20,"mpic++ 4.8.5","LASLR18020100.ndc.nasa.gov","i7-7820HQ"
2022-02-17T10:59,"Femera 0.3.210+g54c802a", 4147,   99,  776,   25,   32,   26,00:00:20,"mpic++ 4.8.5","LASLR18020100.ndc.nasa.gov","i7-7820HQ"
2022-02-17T11:28,"Femera 0.3.211+gc6ee466", 4147,   99,  776,   25,   32,   26,00:00:20,"mpic++ 4.8.5","LASLR18020100.ndc.nasa.gov","i7-7820HQ"
2022-02-17T13:35,"Femera 0.3.212+g329317c", 4147,   99,  776,   25,   32,   26,00:00:21,"mpic++ 4.8.5","LASLR18020100.ndc.nasa.gov","i7-7820HQ"
2022-02-19T12:41,"Femera 0.3.213+g5a15c7e", 4186,   99,  787,   25,   28,   31,00:00:20,"mpic++ 4.8.5","LASLR18020100.ndc.nasa.gov","i7-7820HQ"
2022-02-19T13:45,"Femera 0.3.214+g839660b", 4220,   99,  796,   25,   28,   29,00:00:20,"mpic++ 4.8.5","LASLR18020100.ndc.nasa.gov","i7-7820HQ"
2022-02-20T13:40,"Femera 0.3.215+g5b2c034", 4251,   99,  800,   25,   28,   31,00:00:20,"mpic++ 4.8.5","LASLR18020100.ndc.nasa.gov","i7-7820HQ"
2022-02-21T10:01,"Femera 0.3.216+g968484f", 4235,   99,  800,   25,   28,   31,00:00:21,"mpic++ 4.8.5","LASLR18020100.ndc.nasa.gov","i7-7820HQ"
2022-02-21T10:27,"Femera 0.3.217+g14e60b9", 4237,   99,  802,   25,   28,   31,00:00:20,"mpic++ 4.8.5","LASLR18020100.ndc.nasa.gov","i7-7820HQ"
2022-02-21T11:58,"Femera 0.3.218+g5b60397", 4244,   99,  802,   25,   26,   28,00:00:25,"mpic++ 4.8.5","LASLR18020100.ndc.nasa.gov","i7-7820HQ"
2022-02-22T21:50,"Femera 0.3.219+g984b860", 4283,   99,  812,   25,   27,   29,00:00:22,"mpic++ 4.8.5","LASLR18020100.ndc.nasa.gov","i7-7820HQ"
2022-02-23T12:05,"Femera 0.3.220+g317d8f9", 4320,  100,  812,   25,   27,   31,00:00:20,"mpic++ 4.8.5","LASLR18020100.ndc.nasa.gov","i7-7820HQ"
2022-02-24T13:18,"Femera 0.3.221+gbecac8d", 4299,  100,  812,   25,   25,   33,00:00:21,"mpic++ 4.8.5","LASLR18020100.ndc.nasa.gov","i7-7820HQ"
2022-02-27T09:33,"Femera 0.3.222+ga5079fb", 4302,  100,  806,   25,   23,   36,00:00:20,"mpic++ 4.8.5","LASLR18020100.ndc.nasa.gov","i7-7820HQ"
2022-02-27T11:03,"Femera 0.3.223+g086b193", 4305,  100,  807,   25,   23,   36,00:00:20,"mpic++ 4.8.5","LASLR18020100.ndc.nasa.gov","i7-7820HQ"
2022-02-27T14:12,"Femera 0.3.224+g2ad078c", 4093,  100,  647,   25,    8,   38,00:00:20,"mpic++ 4.8.5","LASLR18020100.ndc.nasa.gov","i7-7820HQ"
2022-02-27T14:47,"Femera 0.3.225+g3c852f4", 4114,  100,  647,   25,    7,   36,00:00:20,"mpic++ 4.8.5","LASLR18020100.ndc.nasa.gov","i7-7820HQ"
2022-02-27T15:06,"Femera 0.3.226+g21b0592", 4108,  100,  647,   25,    7,   35,00:00:21,"mpic++ 4.8.5","LASLR18020100.ndc.nasa.gov","i7-7820HQ"
2022-02-28T11:41,"Femera 0.3.227+g4aa9c82", 4102,  100,  647,   25,    7,   34,00:00:21,"mpic++ 4.8.5","LASLR18020100.ndc.nasa.gov","i7-7820HQ"
2022-03-01T12:20,"Femera 0.3.228+g13635a6", 4103,  100,  648,   25,    7,   36,00:00:20,"mpic++ 4.8.5","LASLR18020100.ndc.nasa.gov","i7-7820HQ"
2022-03-01T12:48,"Femera 0.3.229+g8160fb4", 4103,  100,  648,   25,    7,   36,00:00:21,"mpic++ 4.8.5","LASLR18020100.ndc.nasa.gov","i7-7820HQ"
2022-03-02T11:45,"Femera 0.3.230+g3a4a926", 4113,  100,  647,   25,    7,   36,00:00:21,"mpic++ 4.8.5","LASLR18020100.ndc.nasa.gov","i7-7820HQ"
2022-03-03T14:02,"Femera 0.3.231+g8831265", 4149,  100,  643,   25,    6,   41,00:00:20,"mpic++ 4.8.5","LASLR18020100.ndc.nasa.gov","i7-7820HQ"
2022-03-04T10:26,"Femera 0.3.232+g189f9ab", 4149,  100,  643,   25,    7,   42,00:00:20,"mpic++ 4.8.5","LASLR18020100.ndc.nasa.gov","i7-7820HQ"
2022-03-04T12:00,"Femera 0.3.233+g09c1667", 4170,  100,  643,   25,    5,   47,00:00:21,"mpic++ 4.8.5","LASLR18020100.ndc.nasa.gov","i7-7820HQ"
2022-03-04T12:12,"Femera 0.3.234+gb9b6431", 4127,  100,  643,   25,    5,   46,00:00:21,"mpic++ 4.8.5","LASLR18020100.ndc.nasa.gov","i7-7820HQ"
2022-03-04T12:31,"Femera 0.3.235+gc8c8353", 4127,  100,  643,   25,    0,   49,00:00:20,"mpic++ 4.8.5","LASLR18020100.ndc.nasa.gov","i7-7820HQ"
2022-03-05T12:27,"Femera 0.3.236+gfa521f0", 4125,  100,  643,   25,    0,   51,00:00:20,"mpic++ 4.8.5","LASLR18020100.ndc.nasa.gov","i7-7820HQ"
2022-03-05T12:57,"Femera 0.3.237+gb674ab7", 4125,  100,  643,   25,    0,   51,00:00:20,"mpic++ 4.8.5","LASLR18020100.ndc.nasa.gov","i7-7820HQ"
2022-03-06T11:01,"Femera 0.3.238+g48fc7b3", 4203,  104,  656,   26,    0,   54,00:00:21,"mpic++ 4.8.5","LASLR18020100.ndc.nasa.gov","i7-7820HQ"
2022-03-06T12:17,"Femera 0.3.239+gf3057a7", 4425,  116,  701,   29,    0,   54,00:00:22,"mpic++ 4.8.5","LASLR18020100.ndc.nasa.gov","i7-7820HQ"
2022-03-06T13:43,"Femera 0.3.240+g209ecec", 4463,  116,  701,   29,    0,   59,00:00:24,"mpic++ 4.8.5","LASLR18020100.ndc.nasa.gov","i7-7820HQ"
2022-03-06T14:50,"Femera 0.3.241+ge27bb85", 4457,  116,  701,   29,    0,   58,00:00:24,"mpic++ 4.8.5","LASLR18020100.ndc.nasa.gov","i7-7820HQ"
2022-03-07T11:02,"Femera 0.3.242+g1f87aa4", 4478,  116,  701,   29,    0,   56,00:00:25,"mpic++ 4.8.5","LASLR18020100.ndc.nasa.gov","i7-7820HQ"
2022-03-07T13:24,"Femera 0.3.243+gcbd73b3", 4484,  116,  701,   29,    0,   55,00:00:25,"mpic++ 4.8.5","LASLR18020100.ndc.nasa.gov","i7-7820HQ"
2022-03-08T18:49,"Femera 0.3.244+g8411a57", 4489,  116,  701,   29,    0,   55,00:00:27,"mpic++ 4.8.5","LASLR18020100.ndc.nasa.gov","i7-7820HQ"
2022-03-09T12:06,"Femera 0.3.245+g30a4ac9", 4524,  116,  712,   29,    0,   55,00:00:25,"mpic++ 4.8.5","LASLR18020100.ndc.nasa.gov","i7-7820HQ"
2022-03-09T13:03,"Femera 0.3.246+g553d3f9", 4558,  116,  711,   29,    0,   58,00:00:24,"mpic++ 4.8.5","LASLR18020100.ndc.nasa.gov","i7-7820HQ"
2022-03-09T13:12,"Femera 0.3.247+g0bd1d2a", 4562,  116,  711,   29,    0,   58,00:00:25,"mpic++ 4.8.5","LASLR18020100.ndc.nasa.gov","i7-7820HQ"
2022-03-10T10:03,"Femera 0.3.248+g9974b66", 4564,  116,  711,   29,    0,   60,00:00:25,"mpic++ 4.8.5","LASLR18020100.ndc.nasa.gov","i7-7820HQ"
2022-03-10T10:35,"Femera 0.3.249+gac0818e", 4564,  116,  711,   29,    0,   60,00:00:25,"mpic++ 4.8.5","LASLR18020100.ndc.nasa.gov","i7-7820HQ"
2022-03-10T10:37,"Femera 0.3.250+g411e76c", 4564,  116,  711,   29,    0,   60,00:00:25,"mpic++ 4.8.5","LASLR18020100.ndc.nasa.gov","i7-7820HQ"
2022-03-10T12:59,"Femera 0.3.251+ge5a0a1f", 4706,  120,  736,   30,    1,   65,00:00:26,"mpic++ 4.8.5","LASLR18020100.ndc.nasa.gov","i7-7820HQ"
2022-03-11T10:25,"Femera 0.3.252+g0eed9de", 4706,  120,  736,   30,    1,   65,00:00:26,"mpic++ 4.8.5","LASLR18020100.ndc.nasa.gov","i7-7820HQ"
2022-03-11T11:26,"Femera 0.3.253+g349b4d0", 4706,  120,  736,   30,    1,   65,00:00:26,"mpic++ 4.8.5","LASLR18020100.ndc.nasa.gov","i7-7820HQ"
2022-03-11T13:37,"Femera 0.3.254+g1eec4cb", 4763,  120,  736,   30,    2,   65,00:00:26,"mpic++ 4.8.5","LASLR18020100.ndc.nasa.gov","i7-7820HQ"
2022-03-12T11:19,"Femera 0.3.255+gca449b9", 4748,  120,  736,   30,    0,   66,00:00:26,"mpic++ 4.8.5","LASLR18020100.ndc.nasa.gov","i7-7820HQ"
2022-03-12T11:32,"Femera 0.3.256+g5ff0201", 4746,  120,  736,   30,    0,   66,00:00:25,"mpic++ 4.8.5","LASLR18020100.ndc.nasa.gov","i7-7820HQ"
2022-03-12T12:49,"Femera 0.3.257+g49a902a", 4749,  120,  736,   30,    0,   67,00:00:26,"mpic++ 4.8.5","LASLR18020100.ndc.nasa.gov","i7-7820HQ"
2022-03-13T10:23,"Femera 0.3.258+g8da72d8", 4752,  120,  731,   30,    0,   67,00:00:26,"mpic++ 4.8.5","LASLR18020100.ndc.nasa.gov","i7-7820HQ"
2022-03-13T11:57,"Femera 0.3.259+g0fc073d", 4771,  120,  731,   30,    0,   67,00:00:26,"mpic++ 4.8.5","LASLR18020100.ndc.nasa.gov","i7-7820HQ"
2022-03-13T12:50,"Femera 0.3.260+g88e4812", 4771,  120,  731,   30,    0,   67,00:00:26,"mpic++ 4.8.5","LASLR18020100.ndc.nasa.gov","i7-7820HQ"
2022-03-13T15:47,"Femera 0.3.261+g9e59aef", 4795,  120,  731,   30,    0,   66,00:00:25,"mpic++ 4.8.5","LASLR18020100.ndc.nasa.gov","i7-7820HQ"
2022-03-14T12:02,"Femera 0.3.262+g66116a5", 4830,  120,  731,   30,    0,   67,00:00:26,"mpic++ 4.8.5","LASLR18020100.ndc.nasa.gov","i7-7820HQ"
2022-03-14T16:03,"Femera 0.3.263+g8c49353", 4839,  120,  731,   30,    0,   71,00:00:26,"mpic++ 4.8.5","LASLR18020100.ndc.nasa.gov","i7-7820HQ"
2022-03-14T16:20,"Femera 0.3.264+g51b183e", 4867,  120,  731,   30,    0,   71,00:00:31,"mpic++ 4.8.5","LASLR18020100.ndc.nasa.gov","i7-7820HQ"
2022-03-14T17:51,"Femera 0.3.265+g5e5760a", 4868,  120,  731,   30,    0,   71,00:00:30,"mpic++ 4.8.5","LASLR18020100.ndc.nasa.gov","i7-7820HQ"
2022-03-14T20:22,"Femera 0.3.266+g267846b", 4886,  120,  731,   30,    0,   73,00:00:26,"mpic++ 4.8.5","LASLR18020100.ndc.nasa.gov","i7-7820HQ"
2022-03-15T10:11,"Femera 0.3.267+gcdc5f5b", 4890,  120,  731,   30,    0,   73,00:00:25,"mpic++ 4.8.5","LASLR18020100.ndc.nasa.gov","i7-7820HQ"
2022-03-15T10:42,"Femera 0.3.268+ga3c0e1a", 4928,  120,  733,   30,    0,   73,00:00:27,"mpic++ 4.8.5","LASLR18020100.ndc.nasa.gov","i7-7820HQ"
2022-03-15T11:37,"Femera 0.3.269+ge93d917", 4940,  120,  733,   30,    0,   74,00:00:26,"mpic++ 4.8.5","LASLR18020100.ndc.nasa.gov","i7-7820HQ"
2022-03-15T12:05,"Femera 0.3.270+gac64366", 4947,  120,  733,   30,    0,   75,00:00:27,"mpic++ 4.8.5","LASLR18020100.ndc.nasa.gov","i7-7820HQ"
2022-03-15T13:30,"Femera 0.3.271+g51c0c2c", 4945,  120,  733,   30,    0,   76,00:00:28,"mpic++ 4.8.5","LASLR18020100.ndc.nasa.gov","i7-7820HQ"
2022-03-18T12:13,"Femera 0.3.272+g49cefc1", 4998,  120,  733,   30,    0,   79,00:00:26,"mpic++ 4.8.5","LASLR18020100.ndc.nasa.gov","i7-7820HQ"
2022-03-18T14:21,"Femera 0.3.273+gf088ed4", 5016,  120,  733,   30,    0,   80,00:00:34,"mpic++ 4.8.5","LASLR18020100.ndc.nasa.gov","i7-7820HQ"
2022-03-18T15:17,"Femera 0.3.274+g0935290", 5018,  120,  733,   30,    0,   79,00:00:31,"mpic++ 4.8.5","LASLR18020100.ndc.nasa.gov","i7-7820HQ"
2022-03-19T11:22,"Femera 0.3.275+g350450c", 5032,  120,  733,   30,    0,   81,00:00:26,"mpic++ 4.8.5","LASLR18020100.ndc.nasa.gov","i7-7820HQ"
2022-03-19T12:00,"Femera 0.3.276+gbaccc92", 5029,  120,  733,   30,    0,   81,00:00:26,"mpic++ 4.8.5","LASLR18020100.ndc.nasa.gov","i7-7820HQ"
2022-03-19T14:15,"Femera 0.3.277+g6f992e7", 5058,  120,  733,   30,    0,   82,00:00:26,"mpic++ 4.8.5","LASLR18020100.ndc.nasa.gov","i7-7820HQ"
2022-03-20T13:27,"Femera 0.3.278+gfb6d7b9", 5076,  120,  733,   30,    0,   83,00:00:27,"mpic++ 4.8.5","LASLR18020100.ndc.nasa.gov","i7-7820HQ"
2022-03-21T15:02,"Femera 0.3.279+g9a691e2", 5189,  122,  786,   31,    0,   85,00:00:28,"mpic++ 4.8.5","LASLR18020100.ndc.nasa.gov","i7-7820HQ"
2022-03-22T11:06,"Femera 0.3.280+g4c3446c", 5213,  122,  789,   31,    2,   87,00:00:27,"mpic++ 4.8.5","LASLR18020100.ndc.nasa.gov","i7-7820HQ"
2022-03-23T11:45,"Femera 0.3.281+ga312cea", 5240,  122,  789,   31,    0,   88,00:00:28,"mpic++ 4.8.5","LASLR18020100.ndc.nasa.gov","i7-7820HQ"
2022-03-24T09:22,"Femera 0.3.282+gc1dda8c", 5573,  130,  823,   33,    0,   97,00:00:30,"mpic++ 4.8.5","LASLR18020100.ndc.nasa.gov","i7-7820HQ"
2022-03-24T10:11,"Femera 0.3.283+g36284a2", 5585,  130,  823,   33,    0,   97,00:00:29,"mpic++ 4.8.5","LASLR18020100.ndc.nasa.gov","i7-7820HQ"
2022-03-24T12:01,"Femera 0.3.284+g45ab838", 5607,  130,  823,   33,    0,   98,00:00:30,"mpic++ 4.8.5","LASLR18020100.ndc.nasa.gov","i7-7820HQ"
2022-03-25T08:34,"Femera 0.3.285+g5fa6246", 5536,  130,  823,   33,    0,   98,00:00:30,"mpic++ 4.8.5","LASLR18020100.ndc.nasa.gov","i7-7820HQ"
2022-03-25T12:36,"Femera 0.3.286+g3ecea95", 5537,  130,  823,   33,    0,   98,00:00:30,"mpic++ 4.8.5","LASLR18020100.ndc.nasa.gov","i7-7820HQ"
2022-03-26T11:56,"Femera 0.3.287+g4f85d79", 5540,  130,  823,   33,    0,   98,00:00:29,"mpic++ 4.8.5","LASLR18020100.ndc.nasa.gov","i7-7820HQ"
2022-03-27T10:12,"Femera 0.3.288+gcb98d9e", 5582,  130,  823,   33,    0,   98,00:00:30,"mpic++ 4.8.5","LASLR18020100.ndc.nasa.gov","i7-7820HQ"
2022-03-27T13:06,"Femera 0.3.289+g5a723a1", 5599,  130,  823,   33,    0,   96,00:00:29,"mpic++ 4.8.5","LASLR18020100.ndc.nasa.gov","i7-7820HQ"
2022-03-27T13:47,"Femera 0.3.290+g172418c", 5604,  130,  823,   33,    0,   95,00:00:30,"mpic++ 4.8.5","LASLR18020100.ndc.nasa.gov","i7-7820HQ"
2022-03-27T14:12,"Femera 0.3.291+g5c39035", 5600,  130,  823,   33,    0,   95,00:00:30,"mpic++ 4.8.5","LASLR18020100.ndc.nasa.gov","i7-7820HQ"
2022-03-28T12:22,"Femera 0.3.292+g350c2bf", 5644,  130,  867,   33,    0,   94,00:00:30,"mpic++ 4.8.5","LASLR18020100.ndc.nasa.gov","i7-7820HQ"
2022-03-29T10:06,"Femera 0.3.293+g4fb99d6", 5667,  130,  866,   33,    0,   94,00:00:31,"mpic++ 4.8.5","LASLR18020100.ndc.nasa.gov","i7-7820HQ"
2022-03-29T11:03,"Femera 0.3.294+g8eb607d", 5680,  130,  878,   33,    0,   94,00:00:30,"mpic++ 4.8.5","LASLR18020100.ndc.nasa.gov","i7-7820HQ"
2022-03-30T10:24,"Femera 0.3.295+g4d3982b", 5680,  130,  878,   33,    0,   96,00:00:32,"mpic++ 4.8.5","LASLR18020100.ndc.nasa.gov","i7-7820HQ"
2022-03-30T11:58,"Femera 0.3.296+gde04fa9", 5704,  131,  878,   33,    0,   96,00:00:31,"mpic++ 4.8.5","LASLR18020100.ndc.nasa.gov","i7-7820HQ"
2022-03-31T09:57,"Femera 0.3.297+g65bf927", 5688,  130,  878,   33,    0,   97,00:00:30,"mpic++ 4.8.5","LASLR18020100.ndc.nasa.gov","i7-7820HQ"
2022-04-01T11:21,"Femera 0.3.298+ga7753b6", 5777,  134,  911,   34,    0,   98,00:00:31,"mpic++ 4.8.5","LASLR18020100.ndc.nasa.gov","i7-7820HQ"
2022-04-01T12:05,"Femera 0.3.299+g930376a", 5787,  134,  921,   34,    0,   98,00:00:31,"mpic++ 4.8.5","LASLR18020100.ndc.nasa.gov","i7-7820HQ"
2022-04-01T12:08,"Femera 0.3.300+gfed170a", 5787,  134,  921,   34,    0,   98,00:00:31,"mpic++ 4.8.5","LASLR18020100.ndc.nasa.gov","i7-7820HQ"
2022-04-02T12:58,"Femera 0.3.301+gf22da29", 5787,  134,  921,   34,    0,   98,00:00:31,"mpic++ 4.8.5","LASLR18020100.ndc.nasa.gov","i7-7820HQ"
2022-04-03T11:15,"Femera 0.3.302+ge42cc41", 5790,  134,  921,   34,    0,   98,00:00:30,"mpic++ 4.8.5","LASLR18020100.ndc.nasa.gov","i7-7820HQ"
2022-04-04T09:52,"Femera 0.3.303+gc717a69", 5790,  134,  921,   34,    0,   98,00:00:31,"mpic++ 4.8.5","LASLR18020100.ndc.nasa.gov","i7-7820HQ"
2022-04-04T10:53,"Femera 0.3.304+gdbd802f", 5785,  134,  921,   34,    0,   98,00:00:31,"mpic++ 4.8.5","LASLR18020100.ndc.nasa.gov","i7-7820HQ"
2022-04-04T11:39,"Femera 0.3.305+gf899e7c", 5789,  134,  921,   34,    0,  100,00:00:31,"mpic++ 4.8.5","LASLR18020100.ndc.nasa.gov","i7-7820HQ"
2022-04-05T10:44,"Femera 0.3.306+ga6b3163", 5834,  134,  967,   34,    0,  103,00:00:32,"mpic++ 4.8.5","LASLR18020100.ndc.nasa.gov","i7-7820HQ"
2022-04-05T11:20,"Femera 0.3.307+g1d27d41", 5840,  134,  973,   34,    0,  104,00:00:31,"mpic++ 4.8.5","LASLR18020100.ndc.nasa.gov","i7-7820HQ"
2022-04-06T10:26,"Femera 0.3.308+g8722d74", 5913,  134, 1046,   34,    0,  103,00:00:30,"mpic++ 4.8.5","LASLR18020100.ndc.nasa.gov","i7-7820HQ"
2022-04-06T11:56,"Femera 0.3.309+ga671137", 5922,  134, 1055,   34,    0,  100,00:00:31,"mpic++ 4.8.5","LASLR18020100.ndc.nasa.gov","i7-7820HQ"
2022-04-07T12:01,"Femera 0.3.310+g6b4d287", 5904,  134, 1055,   34,    0,   97,00:00:31,"mpic++ 4.8.5","LASLR18020100.ndc.nasa.gov","i7-7820HQ"
2022-04-07T12:34,"Femera 0.3.311+gf59fb9c", 5920,  134, 1055,   34,    2,   96,00:00:32,"mpic++ 4.8.5","LASLR18020100.ndc.nasa.gov","i7-7820HQ"
2022-04-08T10:33,"Femera 0.3.312+gb6d3972", 5934,  134, 1068,   34,    0,   97,00:00:31,"mpic++ 4.8.5","LASLR18020100.ndc.nasa.gov","i7-7820HQ"
2022-04-08T13:48,"Femera 0.3.313+g25f8cfe", 5934,  134, 1068,   34,    0,   97,00:00:34,"mpic++ 4.8.5","LASLR18020100.ndc.nasa.gov","i7-7820HQ"
2022-04-09T09:51,"Femera 0.3.314+gd28a453", 5953,  134, 1068,   34,    0,   97,00:00:31,"mpic++ 4.8.5","LASLR18020100.ndc.nasa.gov","i7-7820HQ"
2022-04-09T11:23,"Femera 0.3.315+g3f8987e", 5962,  134, 1068,   34,    0,   97,00:00:30,"mpic++ 4.8.5","LASLR18020100.ndc.nasa.gov","i7-7820HQ"
2022-04-09T13:22,"Femera 0.3.316+ge2cf9bf", 5982,  134, 1072,   34,    0,   97,00:00:30,"mpic++ 4.8.5","LASLR18020100.ndc.nasa.gov","i7-7820HQ"
2022-04-09T13:59,"Femera 0.3.317+gae61056", 5987,  134, 1072,   34,    0,   97,00:00:30,"mpic++ 4.8.5","LASLR18020100.ndc.nasa.gov","i7-7820HQ"
2022-04-09T14:00,"Femera 0.3.318+g2c9fa86", 5987,  134, 1072,   34,    0,   97,00:00:31,"mpic++ 4.8.5","LASLR18020100.ndc.nasa.gov","i7-7820HQ"
2022-04-09T14:26,"Femera 0.3.319+g5de2d3d", 5963,  134, 1072,   34,    0,   95,00:00:32,"mpic++ 4.8.5","LASLR18020100.ndc.nasa.gov","i7-7820HQ"
2022-04-10T13:30,"Femera 0.3.320+g282cea4", 5965,  134, 1072,   34,    0,   95,00:00:32,"mpic++ 4.8.5","LASLR18020100.ndc.nasa.gov","i7-7820HQ"
2022-04-11T11:17,"Femera 0.3.321+g688a899", 5967,  134, 1072,   34,    0,   95,00:00:31,"mpic++ 4.8.5","LASLR18020100.ndc.nasa.gov","i7-7820HQ"
2022-04-12T10:29,"Femera 0.3.322+g15cb91f", 5967,  134, 1072,   34,    0,   95,00:00:32,"mpic++ 4.8.5","LASLR18020100.ndc.nasa.gov","i7-7820HQ"
2022-04-13T11:01,"Femera 0.3.323+gfaeb5d1", 6002,  134, 1107,   34,    0,   95,00:00:30,"mpic++ 4.8.5","LASLR18020100.ndc.nasa.gov","i7-7820HQ"
2022-04-14T11:30,"Femera 0.3.324+g7b46243", 6095,  138, 1124,   35,    0,   95,00:00:32,"mpic++ 4.8.5","LASLR18020100.ndc.nasa.gov","i7-7820HQ"
2022-04-15T10:24,"Femera 0.3.325+gfb8dd31", 6107,  138, 1139,   35,    0,   94,00:00:32,"mpic++ 4.8.5","LASLR18020100.ndc.nasa.gov","i7-7820HQ"
2022-04-15T11:12,"Femera 0.3.326+gf69c0fa", 6114,  138, 1146,   35,    0,   95,00:00:31,"mpic++ 4.8.5","LASLR18020100.ndc.nasa.gov","i7-7820HQ"
2022-04-15T14:25,"Femera 0.3.327+g3f059e2", 6111,  138, 1146,   35,    0,   94,00:00:36,"mpic++ 4.8.5","LASLR18020100.ndc.nasa.gov","i7-7820HQ"
2022-04-16T13:51,"Femera 0.3.328+ge294138", 6143,  138, 1146,   35,    0,   99,00:00:32,"mpic++ 4.8.5","LASLR18020100.ndc.nasa.gov","i7-7820HQ"
2022-04-16T14:59,"Femera 0.3.329+g81357e9", 6149,  138, 1146,   35,    0,  101,00:00:32,"mpic++ 4.8.5","LASLR18020100.ndc.nasa.gov","i7-7820HQ"
2022-04-18T11:59,"Femera 0.3.330+g5db5eb8", 6171,  138, 1153,   35,    0,  100,00:00:31,"mpic++ 4.8.5","LASLR18020100.ndc.nasa.gov","i7-7820HQ"
2022-04-19T09:28,"Femera 0.3.331+g36f7dac", 6241,  142, 1173,   36,    0,   99,00:00:32,"mpic++ 4.8.5","LASLR18020100.ndc.nasa.gov","i7-7820HQ"
2022-04-19T11:13,"Femera 0.3.333+g7e5a379", 6267,  142, 1174,   36,    0,   99,00:00:32,"mpic++ 4.8.5","LASLR18020100.ndc.nasa.gov","i7-7820HQ"
2022-04-20T11:11,"Femera 0.3.334+g934b385", 6430,  142, 1333,   36,    0,   99,00:00:34,"mpic++ 4.8.5","LASLR18020100.ndc.nasa.gov","i7-7820HQ"
2022-04-20T11:32,"Femera 0.3.335+g1c241af", 6428,  142, 1333,   36,    0,   99,00:00:34,"mpic++ 4.8.5","LASLR18020100.ndc.nasa.gov","i7-7820HQ"
2022-04-20T12:03,"Femera 0.3.336+gf5530a7", 6430,  142, 1334,   36,    2,   99,00:00:33,"mpic++ 4.8.5","LASLR18020100.ndc.nasa.gov","i7-7820HQ"
2022-04-20T14:04,"Femera 0.3.337+g57d343f", 6450,  142, 1337,   36,    0,   99,00:00:33,"mpic++ 4.8.5","LASLR18020100.ndc.nasa.gov","i7-7820HQ"
2022-04-21T12:25,"Femera 0.3.338+gcc84322", 6480,  142, 1354,   36,    0,  100,00:00:32,"mpic++ 4.8.5","LASLR18020100.ndc.nasa.gov","i7-7820HQ"
2022-04-22T11:40,"Femera 0.3.339+g4627409", 6504,  142, 1369,   36,    0,  104,00:00:33,"mpic++ 4.8.5","LASLR18020100.ndc.nasa.gov","i7-7820HQ"
2022-04-22T16:17,"Femera 0.3.340+gee5d4ae", 6504,  142, 1369,   36,    0,  104,00:00:33,"mpic++ 4.8.5","LASLR18020100.ndc.nasa.gov","i7-7820HQ"
2022-04-24T14:01,"Femera 0.3.341+g652a4ed", 6535,  142, 1375,   36,    1,  102,00:00:31,"mpic++ 4.8.5","LASLR18020100.ndc.nasa.gov","i7-7820HQ"
2022-04-24T14:32,"Femera 0.3.342+g494f977", 6534,  142, 1375,   36,    0,  102,00:00:31,"mpic++ 4.8.5","LASLR18020100.ndc.nasa.gov","i7-7820HQ"
2022-04-24T15:02,"Femera 0.3.345+gfd70da0", 6534,  142, 1375,   36,    0,  101,00:00:33,"mpic++ 4.8.5","LASLR18020100.ndc.nasa.gov","i7-7820HQ"
2022-04-24T15:06,"Femera 0.3.346+gdd102eb", 6534,  142, 1375,   36,    0,  101,00:00:32,"mpic++ 4.8.5","LASLR18020100.ndc.nasa.gov","i7-7820HQ"
2022-04-24T15:19,"Femera 0.3.347+g0f2095d", 6532,  142, 1375,   36,    0,  101,00:00:32,"mpic++ 4.8.5","LASLR18020100.ndc.nasa.gov","i7-7820HQ"
2022-04-25T15:34,"Femera 0.3.348+g4afc9ae", 6611,  142, 1379,   36,    0,   99,00:00:33,"mpic++ 4.8.5","LASLR18020100.ndc.nasa.gov","i7-7820HQ"
2022-04-25T16:28,"Femera 0.3.349+gc89d8eb", 6608,  142, 1379,   36,    0,   97,00:00:33,"mpic++ 4.8.5","LASLR18020100.ndc.nasa.gov","i7-7820HQ"
2022-04-25T17:09,"Femera 0.3.350+g25a833d", 6614,  142, 1379,   36,    0,   97,00:00:42,"mpic++ 4.8.5","LASLR18020100.ndc.nasa.gov","i7-7820HQ"
2022-04-26T10:23,"Femera 0.3.351+g2340e6f", 6635,  142, 1400,   36,    0,   97,00:00:33,"mpic++ 4.8.5","LASLR18020100.ndc.nasa.gov","i7-7820HQ"
2022-04-26T11:23,"Femera 0.3.352+gaad4014", 6639,  142, 1403,   36,    0,   97,00:00:33,"mpic++ 4.8.5","LASLR18020100.ndc.nasa.gov","i7-7820HQ"
2022-04-26T15:43,"Femera 0.3.353+g7644f13", 6647,  142, 1403,   36,    0,   98,00:00:32,"mpic++ 4.8.5","LASLR18020100.ndc.nasa.gov","i7-7820HQ"
2022-04-26T21:23,"Femera 0.3.354+g2b0573a", 6652,  142, 1405,   36,    0,   97,00:00:37,"mpic++ 4.8.5","LASLR18020100.ndc.nasa.gov","i7-7820HQ"
2022-04-27T10:29,"Femera 0.3.355+g6cfd869", 6735,  142, 1409,   36,    0,   98,00:00:33,"mpic++ 4.8.5","LASLR18020100.ndc.nasa.gov","i7-7820HQ"
2022-04-28T10:25,"Femera 0.3.356+g1dd0d6d", 6739,  142, 1414,   36,    0,   98,00:00:32,"mpic++ 4.8.5","LASLR18020100.ndc.nasa.gov","i7-7820HQ"
2022-04-28T11:54,"Femera 0.3.357+g55951be", 6740,  142, 1414,   36,    0,   98,00:00:33,"mpic++ 4.8.5","LASLR18020100.ndc.nasa.gov","i7-7820HQ"
2022-04-28T12:44,"Femera 0.3.358+g130acab", 6740,  142, 1414,   36,    0,   98,00:00:32,"mpic++ 4.8.5","LASLR18020100.ndc.nasa.gov","i7-7820HQ"
2022-04-29T09:08,"Femera 0.3.360+gb9173dc", 6741,  142, 1415,   36,    0,   99,00:00:32,"mpic++ 4.8.5","LASLR18020100.ndc.nasa.gov","i7-7820HQ"
2022-04-29T10:44,"Femera 0.3.361+g4b36971", 6747,  142, 1417,   36,    0,   99,00:00:37,"mpic++ 4.8.5","LASLR18020100.ndc.nasa.gov","i7-7820HQ"
2022-04-29T12:46,"Femera 0.3.362+ga875ccc", 6758,  142, 1424,   36,    0,   99,00:00:33,"mpic++ 4.8.5","LASLR18020100.ndc.nasa.gov","i7-7820HQ"
2022-04-30T12:11,"Femera 0.3.363+g0a59188", 6961,  142, 1431,   36,    0,  103,00:00:33,"mpic++ 4.8.5","LASLR18020100.ndc.nasa.gov","i7-7820HQ"
2022-04-30T12:20,"Femera 0.3.364+g07be6f4", 6819,  142, 1431,   36,    0,  103,00:00:33,"mpic++ 4.8.5","LASLR18020100.ndc.nasa.gov","i7-7820HQ"
2022-04-30T12:54,"Femera 0.3.366+g828b505", 6771,  142, 1431,   36,    0,  100,00:00:33,"mpic++ 4.8.5","LASLR18020100.ndc.nasa.gov","i7-7820HQ"
2022-04-30T12:55,"Femera 0.3.367+gf1f37e0", 6771,  142, 1431,   36,    0,  100,00:00:32,"mpic++ 4.8.5","LASLR18020100.ndc.nasa.gov","i7-7820HQ"
2022-04-30T14:21,"Femera 0.3.368+g504e849", 6775,  142, 1431,   36,    0,  101,00:00:33,"mpic++ 4.8.5","LASLR18020100.ndc.nasa.gov","i7-7820HQ"
2022-04-30T14:26,"Femera 0.3.369+g6d9ae9c", 6775,  142, 1431,   36,    0,  102,00:00:32,"mpic++ 4.8.5","LASLR18020100.ndc.nasa.gov","i7-7820HQ"
2022-04-30T15:17,"Femera 0.3.370+gc9be66f", 6802,  142, 1431,   36,    0,  102,00:00:32,"mpic++ 4.8.5","LASLR18020100.ndc.nasa.gov","i7-7820HQ"
2022-04-30T15:56,"Femera 0.3.371+g2d9ecf1", 6796,  142, 1431,   36,    0,  101,00:00:32,"mpic++ 4.8.5","LASLR18020100.ndc.nasa.gov","i7-7820HQ"
2022-04-30T16:08,"Femera 0.3.372+g8f0985c", 6796,  142, 1431,   36,    0,  101,00:00:32,"mpic++ 4.8.5","LASLR18020100.ndc.nasa.gov","i7-7820HQ"
2022-05-01T10:32,"Femera 0.3.373+g14e4607", 6816,  142, 1437,   36,    0,  101,00:00:32,"mpic++ 4.8.5","LASLR18020100.ndc.nasa.gov","i7-7820HQ"
2022-05-01T11:08,"Femera 0.3.374+gcc92cfa", 6863,  146, 1453,   37,    0,  101,00:00:34,"mpic++ 4.8.5","LASLR18020100.ndc.nasa.gov","i7-7820HQ"
2022-05-01T11:26,"Femera 0.3.375+g9c3e84d", 6863,  146, 1453,   37,    0,  101,00:00:33,"mpic++ 4.8.5","LASLR18020100.ndc.nasa.gov","i7-7820HQ"
2022-05-02T09:53,"Femera 0.3.376+g8ad3fd8", 6892,  148, 1255,   37,    0,  101,00:00:34,"mpic++ 4.8.5","LASLR18020100.ndc.nasa.gov","i7-7820HQ"
2022-05-02T10:37,"Femera 0.3.377+gef93611", 6900,  148, 1254,   37,    0,  101,00:00:32,"mpic++ 4.8.5","LASLR18020100.ndc.nasa.gov","i7-7820HQ"
2022-05-02T10:44,"Femera 0.3.378+g6742ead", 6901,  148, 1254,   37,    0,  101,00:00:33,"mpic++ 4.8.5","LASLR18020100.ndc.nasa.gov","i7-7820HQ"
2022-05-02T11:17,"Femera 0.3.379+g42f6127", 6901,  148, 1254,   37,    0,  101,00:00:33,"mpic++ 4.8.5","LASLR18020100.ndc.nasa.gov","i7-7820HQ"
2022-05-03T10:16,"Femera 0.3.380+ga23daf0", 6911,  148, 1254,   37,    0,  101,00:00:32,"mpic++ 4.8.5","LASLR18020100.ndc.nasa.gov","i7-7820HQ"
2022-05-03T13:10,"Femera 0.3.381+g8bf74bc", 6908,  148, 1248,   37,    0,  101,00:00:32,"mpic++ 4.8.5","LASLR18020100.ndc.nasa.gov","i7-7820HQ"
2022-05-03T15:15,"Femera 0.3.382+g2744615", 6931,  148, 1253,   37,    0,  101,00:00:34,"mpic++ 4.8.5","LASLR18020100.ndc.nasa.gov","i7-7820HQ"
2022-05-04T09:04,"Femera 0.3.383+g1bd4327", 6933,  148, 1253,   37,    0,  100,00:00:34,"mpic++ 4.8.5","LASLR18020100.ndc.nasa.gov","i7-7820HQ"
2022-05-04T10:55,"Femera 0.3.384+gda05f43", 6967,  148, 1259,   37,    0,   98,00:00:34,"mpic++ 4.8.5","LASLR18020100.ndc.nasa.gov","i7-7820HQ"
2022-05-04T11:59,"Femera 0.3.385+g3f407d0", 6980,  148, 1263,   37,    0,   98,00:00:33,"mpic++ 4.8.5","LASLR18020100.ndc.nasa.gov","i7-7820HQ"
2022-05-05T10:17,"Femera 0.3.386+g300d868", 6981,  148, 1264,   37,    0,   98,00:00:34,"mpic++ 4.8.5","LASLR18020100.ndc.nasa.gov","i7-7820HQ"
2022-05-05T10:39,"Femera 0.3.387+g6a10fc8", 6979,  148, 1530,   41,    0,   98,00:00:33,"mpic++ 4.8.5","LASLR18020100.ndc.nasa.gov","i7-7820HQ"
2022-05-05T10:51,"Femera 0.3.388+g16317fd", 6979,  148, 1530,   41,    0,   98,00:00:33,"mpic++ 4.8.5","LASLR18020100.ndc.nasa.gov","i7-7820HQ"
2022-05-06T09:16,"Femera 0.3.389+ge749ba6", 7246,  149, 1526,   41,    0,  104,00:00:37,"mpic++ 4.8.5","LASLR18020100.ndc.nasa.gov","i7-7820HQ"
2022-05-06T11:36,"Femera 0.3.390+g2d9b4f5", 7283,  151, 1526,   41,    0,   99,00:00:37,"mpic++ 4.8.5","LASLR18020100.ndc.nasa.gov","i7-7820HQ"
2022-05-06T11:56,"Femera 0.3.391+g521977e", 7303,  153, 1526,   41,    0,   99,00:00:37,"mpic++ 4.8.5","LASLR18020100.ndc.nasa.gov","i7-7820HQ"
2022-05-06T12:15,"Femera 0.3.392+g32284eb", 7296,  152, 1526,   41,    0,   99,00:00:37,"mpic++ 4.8.5","LASLR18020100.ndc.nasa.gov","i7-7820HQ"
2022-05-06T12:16,"Femera 0.3.393+g6c3c19b", 7296,  152, 1526,   41,    0,   99,00:00:37,"mpic++ 4.8.5","LASLR18020100.ndc.nasa.gov","i7-7820HQ"
2022-05-06T12:39,"Femera 0.3.394+g1fd4529", 7364,  154, 1526,   41,    0,   99,00:00:36,"mpic++ 4.8.5","LASLR18020100.ndc.nasa.gov","i7-7820HQ"
2022-05-06T12:46,"Femera 0.3.395+g5ba7d57", 7364,  154, 1526,   41,    0,   99,00:00:37,"mpic++ 4.8.5","LASLR18020100.ndc.nasa.gov","i7-7820HQ"
2022-05-07T10:51,"Femera 0.3.396+g402a53d", 7472,  157, 1526,   41,    0,   99,00:00:37,"mpic++ 4.8.5","LASLR18020100.ndc.nasa.gov","i7-7820HQ"
2022-05-07T16:00,"Femera 0.3.397+g3167134", 7566,  158, 1556,   42,    0,   99,00:00:40,"mpic++ 4.8.5","LASLR18020100.ndc.nasa.gov","i7-7820HQ"
2022-05-08T11:20,"Femera 0.3.398+g6683830", 7642,  160, 1602,   44,    0,   99,00:00:38,"mpic++ 4.8.5","LASLR18020100.ndc.nasa.gov","i7-7820HQ"
2022-05-08T12:02,"Femera 0.3.399+g705a549", 7640,  160, 1601,   44,    0,   99,00:00:39,"mpic++ 4.8.5","LASLR18020100.ndc.nasa.gov","i7-7820HQ"
2022-05-08T13:28,"Femera 0.3.400+g379a676", 7679,  160, 1618,   44,    0,   99,00:00:39,"mpic++ 4.8.5","LASLR18020100.ndc.nasa.gov","i7-7820HQ"
2022-05-08T22:26,"Femera 0.3.401+gb32a995", 7716,  161, 1656,   45,    0,   99,00:00:39,"mpic++ 4.8.5","LASLR18020100.ndc.nasa.gov","i7-7820HQ"
2022-05-08T22:37,"Femera 0.3.402+gb7bb51d", 7717,  161, 1657,   45,    0,   99,00:00:38,"mpic++ 4.8.5","LASLR18020100.ndc.nasa.gov","i7-7820HQ"
2022-05-09T10:53,"Femera 0.3.403+g22e5891", 7769,  161, 1709,   45,    0,   99,00:00:40,"mpic++ 4.8.5","LASLR18020100.ndc.nasa.gov","i7-7820HQ"
2022-05-09T13:06,"Femera 0.3.404+gb0fb489", 7808,  161, 1738,   45,    0,   99,00:01:01,"mpic++ 4.8.5","LASLR18020100.ndc.nasa.gov","i7-7820HQ"
2022-05-09T21:30,"Femera 0.3.405+gf30e32b", 7809,  161, 1739,   45,    0,   99,00:00:39,"mpic++ 4.8.5","LASLR18020100.ndc.nasa.gov","i7-7820HQ"
2022-05-10T09:43,"Femera 0.3.406+gade5674", 7837,  161, 1767,   45,    0,   99,00:00:40,"mpic++ 4.8.5","LASLR18020100.ndc.nasa.gov","i7-7820HQ"
2022-05-10T11:01,"Femera 0.3.407+gf5798fc", 7871,  161, 1783,   45,    0,   99,00:00:39,"mpic++ 4.8.5","LASLR18020100.ndc.nasa.gov","i7-7820HQ"
2022-05-10T15:02,"Femera 0.3.408+g1532a2e", 7893,  161, 1799,   45,    0,   99,00:00:40,"mpic++ 4.8.5","LASLR18020100.ndc.nasa.gov","i7-7820HQ"
2022-05-11T09:20,"Femera 0.3.409+gaec4633", 7917,  161, 1810,   45,    0,   99,00:00:39,"mpic++ 4.8.5","LASLR18020100.ndc.nasa.gov","i7-7820HQ"
2022-05-11T10:21,"Femera 0.3.410+g5e2d228", 7922,  161, 1815,   45,    0,   99,00:00:36,"mpic++ 4.8.5","LASLR18020100.ndc.nasa.gov","i7-7820HQ"
2022-05-11T10:30,"Femera 0.3.411+ge8706c8", 7922,  161, 1815,   45,    0,   99,00:00:36,"mpic++ 4.8.5","LASLR18020100.ndc.nasa.gov","i7-7820HQ"
2022-05-11T12:23,"Femera 0.3.412+g008d7d7", 7951,  161, 1832,   45,    0,   99,00:00:37,"mpic++ 4.8.5","LASLR18020100.ndc.nasa.gov","i7-7820HQ"
2022-05-11T14:31,"Femera 0.3.413+gdaab5ed", 8028,  161, 1909,   45,    0,   99,00:00:41,"mpic++ 4.8.5","LASLR18020100.ndc.nasa.gov","i7-7820HQ"
2022-05-11T18:18,"Femera 0.3.416+g9792126", 7984,  161, 1937,   45,    0,   99,00:00:39,"mpic++ 4.8.5","LASLR18020100.ndc.nasa.gov","i7-7820HQ"
2022-05-11T18:28,"Femera 0.3.417+g6eb2df4", 7984,  161, 1937,   45,    0,   99,00:00:39,"mpic++ 4.8.5","LASLR18020100.ndc.nasa.gov","i7-7820HQ"
2022-05-12T12:29,"Femera 0.3.418+ga06abe7", 8009,  161, 1962,   45,    0,   99,00:00:36,"mpic++ 4.8.5","LASLR18020100.ndc.nasa.gov","i7-7820HQ"
2022-05-13T09:37,"Femera 0.3.419+g278fabb", 8021,  161, 1962,   45,    0,   99,00:00:37,"mpic++ 4.8.5","LASLR18020100.ndc.nasa.gov","i7-7820HQ"
2022-05-13T11:16,"Femera 0.3.420+g3c7dc28", 8066,  161, 1979,   45,    0,   99,00:00:37,"mpic++ 4.8.5","LASLR18020100.ndc.nasa.gov","i7-7820HQ"
2022-05-13T14:03,"Femera 0.3.421+gc7e6820", 8113,  161, 1979,   45,    0,   99,00:00:39,"mpic++ 4.8.5","LASLR18020100.ndc.nasa.gov","i7-7820HQ"
2022-05-14T10:15,"Femera 0.3.422+g5139e07", 8124,  161, 1988,   45,    0,   99,00:00:37,"mpic++ 4.8.5","LASLR18020100.ndc.nasa.gov","i7-7820HQ"
2022-05-14T10:50,"Femera 0.3.424+g4d90076", 8129,  161, 1988,   45,    0,   99,00:00:37,"mpic++ 4.8.5","LASLR18020100.ndc.nasa.gov","i7-7820HQ"
2022-05-15T13:11,"Femera 0.3.425+g6c3ee08", 8167,  161, 2022,   45,    0,   99,00:00:37,"mpic++ 4.8.5","LASLR18020100.ndc.nasa.gov","i7-7820HQ"
2022-05-16T08:12,"Femera 0.3.426+gd797dad", 8199,  161, 2054,   45,    0,   99,00:00:37,"mpic++ 4.8.5","LASLR18020100.ndc.nasa.gov","i7-7820HQ"
2022-05-16T11:04,"Femera 0.3.427+gd1ea357", 8236,  161, 2075,   45,    0,   99,00:00:36,"mpic++ 4.8.5","LASLR18020100.ndc.nasa.gov","i7-7820HQ"
2022-05-16T11:23,"Femera 0.3.428+gc63c0c9", 8239,  161, 2075,   45,    0,   99,00:00:36,"mpic++ 4.8.5","LASLR18020100.ndc.nasa.gov","i7-7820HQ"
2022-05-16T15:39,"Femera 0.3.429+g327d9c6", 8285,  161, 2087,   45,    0,   99,00:00:46,"mpic++ 4.8.5","LASLR18020100.ndc.nasa.gov","i7-7820HQ"
2022-05-16T22:03,"Femera 0.3.430+g62c9ab1", 8299,  161, 2087,   45,    0,   99,00:00:37,"mpic++ 4.8.5","LASLR18020100.ndc.nasa.gov","i7-7820HQ"
2022-05-17T10:19,"Femera 0.3.431+ga7db07b", 8319,  161, 2105,   45,    0,   99,00:00:36,"mpic++ 4.8.5","LASLR18020100.ndc.nasa.gov","i7-7820HQ"
2022-05-17T10:23,"Femera 0.3.432+ga81a72d", 8318,  161, 2105,   45,    0,   99,00:00:38,"mpic++ 4.8.5","LASLR18020100.ndc.nasa.gov","i7-7820HQ"
2022-05-17T12:04,"Femera 0.3.433+g8e800a9", 8317,  161, 2111,   45,    0,   99,00:00:36,"mpic++ 4.8.5","LASLR18020100.ndc.nasa.gov","i7-7820HQ"
2022-05-17T12:14,"Femera 0.3.434+ge006577", 8317,  161, 2111,   45,    0,   99,00:00:42,"mpic++ 4.8.5","LASLR18020100.ndc.nasa.gov","i7-7820HQ"
2022-05-17T20:44,"Femera 0.3.435+gde4045c", 8115,  161, 1909,   45,    0,   99,00:00:36,"mpic++ 4.8.5","LASLR18020100.ndc.nasa.gov","i7-7820HQ"
2022-05-17T20:51,"Femera 0.3.437+g7a4b16c", 8115,  161, 1909,   45,    0,   99,00:00:36,"mpic++ 4.8.5","LASLR18020100.ndc.nasa.gov","i7-7820HQ"
2022-05-18T09:24,"Femera 0.3.438+gae30612", 8127,  161, 1910,   45,    0,   99,00:00:36,"mpic++ 4.8.5","LASLR18020100.ndc.nasa.gov","i7-7820HQ"
2022-05-18T13:39,"Femera 0.3.439+g715613c", 8131,  161, 1914,   45,    0,   99,00:00:39,"mpic++ 4.8.5","LASLR18020100.ndc.nasa.gov","i7-7820HQ"
2022-05-19T09:01,"Femera 0.3.440+g445a765", 8131,  161, 1918,   45,    0,   99,00:00:36,"mpic++ 4.8.5","LASLR18020100.ndc.nasa.gov","i7-7820HQ"
2022-05-19T09:23,"Femera 0.3.441+g034aec4", 8132,  161, 1918,   45,    0,   99,00:00:37,"mpic++ 4.8.5","LASLR18020100.ndc.nasa.gov","i7-7820HQ"
2022-05-19T10:00,"Femera 0.3.442+g7916c82", 8153,  161, 1920,   45,    0,   99,00:00:37,"mpic++ 4.8.5","LASLR18020100.ndc.nasa.gov","i7-7820HQ"
2022-05-19T12:50,"Femera 0.3.443+ga5e55b8", 8153,  161, 1920,   45,    0,   99,00:00:40,"mpic++ 4.8.5","LASLR18020100.ndc.nasa.gov","i7-7820HQ"
2022-05-20T08:44,"Femera 0.3.444+g52fdf33", 8153,  161, 1920,   45,    0,   99,00:00:37,"mpic++ 4.8.5","LASLR18020100.ndc.nasa.gov","i7-7820HQ"
2022-05-21T09:22,"Femera 0.3.445+g211420b", 8153,  161, 1920,   45,    0,   99,00:00:37,"mpic++ 4.8.5","LASLR18020100.ndc.nasa.gov","i7-7820HQ"
2022-05-21T10:50,"Femera 0.3.446+g29dea10", 8100,  161, 1920,   45,    0,   99,00:00:36,"mpic++ 4.8.5","LASLR18020100.ndc.nasa.gov","i7-7820HQ"
2022-05-21T11:46,"Femera 0.3.447+gfe07f8f", 8095,  161, 1920,   45,    0,   99,00:00:37,"mpic++ 4.8.5","LASLR18020100.ndc.nasa.gov","i7-7820HQ"
2022-05-22T11:39,"Femera 0.3.448+g30204d0", 8095,  161, 1920,   45,    0,   99,00:00:49,"mpic++ 4.8.5","LASLR18020100.ndc.nasa.gov","i7-7820HQ"
2022-05-23T08:55,"Femera 0.3.449+gbe45ceb", 8096,  161, 1920,   45,    0,   99,00:00:38,"mpic++ 4.8.5","LASLR18020100.ndc.nasa.gov","i7-7820HQ"
2022-05-24T11:02,"Femera 0.3.450+g64618cb", 8096,  161, 1920,   45,    0,   99,00:00:38,"mpic++ 4.8.5","LASLR18020100.ndc.nasa.gov","i7-7820HQ"
2022-05-25T11:21,"Femera 0.3.451+g8dac928", 8192,  161, 1966,   45,    0,   99,00:00:35,"mpic++ 4.8.5","LASLR18020100.ndc.nasa.gov","i7-7820HQ"
2022-05-25T14:55,"Femera 0.3.452+gc710910", 8280,  161, 2056,   45,    0,   99,00:00:49,"mpic++ 4.8.5","LASLR18020100.ndc.nasa.gov","i7-7820HQ"
2022-05-26T09:57,"Femera 0.3.453+g7d31c04", 8313,  161, 2072,   45,    0,   99,00:00:38,"mpic++ 4.8.5","LASLR18020100.ndc.nasa.gov","i7-7820HQ"
2022-05-26T10:23,"Femera 0.3.454+g68122d6", 8313,  161, 2072,   45,    0,   99,00:00:37,"mpic++ 4.8.5","LASLR18020100.ndc.nasa.gov","i7-7820HQ"
2022-05-27T10:15,"Femera 0.3.455+g0ab34e4", 8364,  161, 2072,   45,    0,   99,00:00:38,"mpic++ 4.8.5","LASLR18020100.ndc.nasa.gov","i7-7820HQ"
2022-06-01T10:07,"Femera 0.3.456+ga93bb73", 8364,  161, 2072,   45,    0,   99,00:00:36,"mpic++ 4.8.5","LASLR18020100.ndc.nasa.gov","i7-7820HQ"
2022-06-01T10:42,"Femera 0.3.457+g6321766", 8364,  161, 2072,   45,    0,   99,00:00:36,"mpic++ 4.8.5","LASLR18020100.ndc.nasa.gov","i7-7820HQ"
2022-06-02T09:43,"Femera 0.3.458+g7c22e96", 8366,  161, 2072,   45,    0,   97,00:00:36,"mpic++ 4.8.5","LASLR18020100.ndc.nasa.gov","i7-7820HQ"
2022-06-03T13:56,"Femera 0.3.459+g8e28080", 8366,  161, 2072,   45,    0,   97,00:00:41,"mpic++ 4.8.5","LASLR18020100.ndc.nasa.gov","i7-7820HQ"
2022-06-04T11:52,"Femera 0.3.460+gf81361a", 8370,  161, 2072,   45,    0,   97,00:00:38,"mpic++ 4.8.5","LASLR18020100.ndc.nasa.gov","i7-7820HQ"
2022-06-04T13:07,"Femera 0.3.461+g76b8576", 8340,  161, 2072,   45,    0,   97,00:00:37,"mpic++ 4.8.5","LASLR18020100.ndc.nasa.gov","i7-7820HQ"
2022-06-08T11:29,"Femera 0.3.462+g01e2c6c", 8341,  161, 2072,   45,    0,   98,00:00:36,"mpic++ 4.8.5","LASLR18020100.ndc.nasa.gov","i7-7820HQ"
2022-06-08T11:40,"Femera 0.3.463+g9e965d8", 8343,  162, 2072,   45,    0,   99,00:00:35,"mpic++ 4.8.5","LASLR18020100.ndc.nasa.gov","i7-7820HQ"
2022-06-08T12:24,"Femera 0.3.464+g6d077f1", 8355,  162, 2072,   45,    0,   99,00:00:41,"mpic++ 4.8.5","LASLR18020100.ndc.nasa.gov","i7-7820HQ"
2022-06-09T10:23,"Femera 0.3.465+g2df503b", 8358,  162, 2072,   45,    0,   99,00:00:37,"mpic++ 4.8.5","LASLR18020100.ndc.nasa.gov","i7-7820HQ"
2022-06-14T09:06,"Femera 0.3.466+g3a60e70", 8357,  162, 2072,   45,    0,   99,00:00:36,"mpic++ 4.8.5","LASLR18020100.ndc.nasa.gov","i7-7820HQ"
2022-06-14T09:30,"Femera 0.3.467+g51034de", 8357,  162, 2072,   45,    0,   99,00:00:36,"mpic++ 4.8.5","LASLR18020100.ndc.nasa.gov","i7-7820HQ"
2022-06-14T11:08,"Femera 0.3.468+g73f25ca", 8357,  162, 2072,   45,    0,   99,00:00:35,"mpic++ 4.8.5","LASLR18020100.ndc.nasa.gov","i7-7820HQ"
2022-06-15T09:18,"Femera 0.3.469+gacbabf4", 8358,  162, 2072,   45,    0,   98,00:00:36,"mpic++ 4.8.5","LASLR18020100.ndc.nasa.gov","i7-7820HQ"
2022-06-15T10:30,"Femera 0.3.470+g4f7ae7f", 8379,  162, 2072,   45,    0,   98,00:00:36,"mpic++ 4.8.5","LASLR18020100.ndc.nasa.gov","i7-7820HQ"
2022-06-15T12:58,"Femera 0.3.471+g101014d", 8373,  162, 2072,   45,    0,   98,00:00:38,"mpic++ 4.8.5","LASLR18020100.ndc.nasa.gov","i7-7820HQ"
2022-06-15T13:08,"Femera 0.3.472+g87dc4dc", 8375,  162, 2072,   45,    0,   98,00:00:39,"mpic++ 4.8.5","LASLR18020100.ndc.nasa.gov","i7-7820HQ"
2022-06-15T19:57,"Femera 0.3.473+g0cfb893", 8401,  162, 2072,   45,    0,   98,00:00:38,"mpic++ 4.8.5","LASLR18020100.ndc.nasa.gov","i7-7820HQ"
2022-06-16T08:37,"Femera 0.3.474+g754c14b", 8400,  162, 2072,   45,    0,   98,00:00:38,"mpic++ 4.8.5","LASLR18020100.ndc.nasa.gov","i7-7820HQ"
2022-06-16T09:16,"Femera 0.3.475+g1ab8140", 8405,  162, 2072,   45,    0,   92,00:00:36,"mpic++ 4.8.5","LASLR18020100.ndc.nasa.gov","i7-7820HQ"
2022-06-16T12:48,"Femera 0.3.476+gf91bdf0", 8416,  162, 2072,   45,    0,   92,00:00:36,"mpic++ 4.8.5","LASLR18020100.ndc.nasa.gov","i7-7820HQ"
2022-06-16T13:26,"Femera 0.3.477+g3a67108", 8416,  162, 2072,   45,    0,   93,00:00:43,"mpic++ 4.8.5","LASLR18020100.ndc.nasa.gov","i7-7820HQ"
2022-06-16T16:22,"Femera 0.3.479+gb8eeace", 8439,  162, 2072,   45,    0,   92,00:00:48,"mpic++ 4.8.5","LASLR18020100.ndc.nasa.gov","i7-7820HQ"
2022-06-17T08:38,"Femera 0.3.480+g4d1b5b6", 8448,  162, 2074,   45,    0,   92,00:00:36,"mpic++ 4.8.5","LASLR18020100.ndc.nasa.gov","i7-7820HQ"
2022-06-17T11:03,"Femera 0.3.481+gd9d3724", 8442,  162, 2074,   45,    0,   92,00:00:37,"mpic++ 4.8.5","LASLR18020100.ndc.nasa.gov","i7-7820HQ"
2022-06-17T12:02,"Femera 0.3.482+gbdd3cc0", 8452,  162, 2077,   45,    0,   92,00:00:37,"mpic++ 4.8.5","LASLR18020100.ndc.nasa.gov","i7-7820HQ"
2022-06-17T12:26,"Femera 0.3.483+g344c239", 8452,  162, 2077,   45,    0,   92,00:00:37,"mpic++ 4.8.5","LASLR18020100.ndc.nasa.gov","i7-7820HQ"
2022-06-17T19:03,"Femera 0.3.484+g4771402", 8447,  162, 2077,   45,    0,   93,00:00:36,"mpic++ 4.8.5","LASLR18020100.ndc.nasa.gov","i7-7820HQ"
2022-06-18T11:02,"Femera 0.3.485+gcb65b69", 8447,  162, 2077,   45,    0,   92,00:00:36,"mpic++ 4.8.5","LASLR18020100.ndc.nasa.gov","i7-7820HQ"
2022-06-18T12:39,"Femera 0.3.486+g537abe6", 8454,  162, 2077,   45,    0,   92,00:00:39,"mpic++ 4.8.5","LASLR18020100.ndc.nasa.gov","i7-7820HQ"
2022-06-18T15:07,"Femera 0.3.487+gc15b262", 8474,  162, 2077,   45,    0,   92,00:00:37,"mpic++ 4.8.5","LASLR18020100.ndc.nasa.gov","i7-7820HQ"
2022-06-19T13:13,"Femera 0.3.488+g2cbabfa", 8507,  162, 2077,   45,    0,   92,00:00:36,"mpic++ 4.8.5","LASLR18020100.ndc.nasa.gov","i7-7820HQ"
2022-06-20T11:35,"Femera 0.3.489+g1044078", 8519,  162, 2081,   45,    0,   92,00:00:38,"mpic++ 4.8.5","LASLR18020100.ndc.nasa.gov","i7-7820HQ"
2022-06-21T08:59,"Femera 0.3.490+g3902c67", 8502,  162, 2081,   45,    0,   87,00:00:38,"mpic++ 4.8.5","LASLR18020100.ndc.nasa.gov","i7-7820HQ"
2022-06-21T09:33,"Femera 0.3.491+g8ab8d9a", 8501,  162, 2081,   45,    0,   86,00:00:36,"mpic++ 4.8.5","LASLR18020100.ndc.nasa.gov","i7-7820HQ"
2022-06-21T10:23,"Femera 0.3.492+g68d63f1", 8459,  162, 2081,   45,    0,   83,00:00:39,"mpic++ 4.8.5","LASLR18020100.ndc.nasa.gov","i7-7820HQ"
2022-06-21T17:13,"Femera 0.3.493+g6ceee97", 8462,  162, 2081,   45,    0,   83,00:00:49,"mpic++ 4.8.5","LASLR18020100.ndc.nasa.gov","i7-7820HQ"
2022-06-22T09:19,"Femera 0.3.494+gc454ffa", 8464,  162, 2081,   45,    0,   84,00:00:37,"mpic++ 4.8.5","LASLR18020100.ndc.nasa.gov","i7-7820HQ"
2022-06-22T10:03,"Femera 0.3.495+gc8708d4", 8479,  162, 2081,   45,    0,   83,00:00:38,"mpic++ 4.8.5","LASLR18020100.ndc.nasa.gov","i7-7820HQ"
2022-06-22T10:23,"Femera 0.3.496+g7494283", 8488,  162, 2081,   45,    0,   83,00:00:37,"mpic++ 4.8.5","LASLR18020100.ndc.nasa.gov","i7-7820HQ"
2022-06-22T15:30,"Femera 0.3.497+g894fbce", 8499,  162, 2081,   45,    0,   83,00:00:40,"mpic++ 4.8.5","LASLR18020100.ndc.nasa.gov","i7-7820HQ"
2022-06-22T19:49,"Femera 0.3.498+g4fbaf58", 8499,  162, 2081,   45,    0,   83,00:00:39,"mpic++ 4.8.5","LASLR18020100.ndc.nasa.gov","i7-7820HQ"
2022-06-24T11:12,"Femera 0.3.499+g7de8026", 8499,  162, 2081,   45,    0,   83,00:00:39,"mpic++ 4.8.5","LASLR18020100.ndc.nasa.gov","i7-7820HQ"
2022-06-24T11:15,"Femera 0.3.500+gf0fc92d", 8499,  162, 2081,   45,    0,   83,00:00:39,"mpic++ 4.8.5","LASLR18020100.ndc.nasa.gov","i7-7820HQ"
2022-06-24T11:42,"Femera 0.3.501+g4e686d3", 8499,  162, 2081,   45,    0,   83,00:00:43,"mpic++ 4.8.5","LASLR18020100.ndc.nasa.gov","i7-7820HQ"
2022-07-01T14:42,"Femera 0.3.514+gfe278de", 8517,  162, 2161,   45,    0,   86,00:00:44,"mpic++ 4.8.5","LASLR18020100.ndc.nasa.gov","i7-7820HQ"
2022-07-01T14:48,"Femera 0.3.515+gafb75ae", 8517,  162, 2161,   45,    0,   86,00:00:44,"mpic++ 4.8.5","LASLR18020100.ndc.nasa.gov","i7-7820HQ"
2022-07-02T11:03,"Femera 0.3.516+gf66a070", 8517,  162, 2161,   45,    0,   86,00:00:45,"mpic++ 4.8.5","LASLR18020100.ndc.nasa.gov","i7-7820HQ"
2022-07-03T11:20,"Femera 0.3.517+g9704716", 8554,  162, 2176,   45,    0,   87,00:00:42,"mpic++ 4.8.5","LASLR18020100.ndc.nasa.gov","i7-7820HQ"
2022-07-03T16:21,"Femera 0.3.518+g1174a84", 8562,  162, 2174,   45,    3,   90,00:00:38,"mpic++ 4.8.5","LASLR18020100.ndc.nasa.gov","i7-7820HQ"
2022-07-05T09:51,"Femera 0.3.519+g4a5786f", 8562,  162, 2174,   45,    1,   90,00:00:38,"mpic++ 4.8.5","LASLR18020100.ndc.nasa.gov","i7-7820HQ"
2022-07-05T10:02,"Femera 0.3.520+gea6d37b", 8562,  162, 2174,   45,    1,   90,00:00:37,"mpic++ 4.8.5","LASLR18020100.ndc.nasa.gov","i7-7820HQ"
2022-07-06T09:02,"Femera 0.3.521+g2399b29", 8564,  162, 2174,   45,    0,   92,00:00:36,"mpic++ 4.8.5","LASLR18020100.ndc.nasa.gov","i7-7820HQ"
2022-07-06T10:04,"Femera 0.3.522+ge9beb20", 8626,  162, 2174,   45,    0,   94,00:00:37,"mpic++ 4.8.5","LASLR18020100.ndc.nasa.gov","i7-7820HQ"
2022-07-06T10:15,"Femera 0.3.523+geaf78c8", 8626,  162, 2174,   45,    0,   94,00:00:38,"mpic++ 4.8.5","LASLR18020100.ndc.nasa.gov","i7-7820HQ"
2022-07-07T10:48,"Femera 0.3.524+gb51a599", 8565,  162, 2174,   45,    0,   90,00:00:37,"mpic++ 4.8.5","LASLR18020100.ndc.nasa.gov","i7-7820HQ"
2022-07-14T09:28,"Femera 0.3.525+g00f09ce", 8565,  162, 2174,   45,    0,   90,00:00:37,"mpic++ 4.8.5","LASLR18020100.ndc.nasa.gov","i7-7820HQ"
2022-07-14T09:34,"Femera 0.3.526+gd158112", 8568,  162, 2174,   45,    0,   92,00:00:37,"mpic++ 4.8.5","LASLR18020100.ndc.nasa.gov","i7-7820HQ"
2022-07-14T10:00,"Femera 0.3.527+gb2c2e9e", 8572,  162, 2174,   45,    0,   92,00:00:38,"mpic++ 4.8.5","LASLR18020100.ndc.nasa.gov","i7-7820HQ"
2022-07-20T10:06,"Femera 0.3.528+gf78ff78", 8575,  162, 2174,   45,    0,   91,00:00:38,"mpic++ 4.8.5","LASLR18020100.ndc.nasa.gov","i7-7820HQ"
2022-07-20T11:09,"Femera 0.3.529+g8340062", 8606,  162, 2174,   45,    0,   89,00:00:37,"mpic++ 4.8.5","LASLR18020100.ndc.nasa.gov","i7-7820HQ"
2022-07-21T09:59,"Femera 0.3.530+gc079cdb", 8636,  162, 2174,   45,    0,   93,00:00:38,"mpic++ 4.8.5","LASLR18020100.ndc.nasa.gov","i7-7820HQ"
2022-07-21T10:31,"Femera 0.3.531+gdc5e63d", 8635,  162, 2174,   45,    0,   93,00:00:39,"mpic++ 4.8.5","LASLR18020100.ndc.nasa.gov","i7-7820HQ"
2022-07-22T10:31,"Femera 0.3.532+g1a993af", 8684,  162, 2176,   45,    0,  102,00:00:39,"mpic++ 4.8.5","LASLR18020100.ndc.nasa.gov","i7-7820HQ"
2022-07-23T09:56,"Femera 0.3.533+g01d7483", 8743,  162, 2177,   45,    0,  102,00:00:38,"mpic++ 4.8.5","LASLR18020100.ndc.nasa.gov","i7-7820HQ"
2022-07-23T11:40,"Femera 0.3.534+gff8fd7e", 8770,  162, 2186,   45,    0,  104,00:00:39,"mpic++ 4.8.5","LASLR18020100.ndc.nasa.gov","i7-7820HQ"
2022-07-23T11:50,"Femera 0.3.535+g9e14118", 8770,  162, 2186,   45,    0,  104,00:00:38,"mpic++ 4.8.5","LASLR18020100.ndc.nasa.gov","i7-7820HQ"
2022-07-24T08:28,"Femera 0.3.536+gd7130e0", 8747,  162, 2174,   45,    0,  107,00:00:38,"mpic++ 4.8.5","LASLR18020100.ndc.nasa.gov","i7-7820HQ"
2022-07-24T09:32,"Femera 0.3.537+g3553219", 8726,  162, 2158,   45,    0,  105,00:00:38,"mpic++ 4.8.5","LASLR18020100.ndc.nasa.gov","i7-7820HQ"
2022-07-24T09:41,"Femera 0.3.538+g4b0a11d", 8648,  162, 2158,   45,    0,  104,00:00:39,"mpic++ 4.8.5","LASLR18020100.ndc.nasa.gov","i7-7820HQ"
2022-07-24T10:05,"Femera 0.3.539+g57eafe9", 8471,  162, 2158,   45,    0,   95,00:00:37,"mpic++ 4.8.5","LASLR18020100.ndc.nasa.gov","i7-7820HQ"
2022-07-24T10:17,"Femera 0.3.540+g67079c8", 8470,  162, 2158,   45,    0,   94,00:00:37,"mpic++ 4.8.5","LASLR18020100.ndc.nasa.gov","i7-7820HQ"
2022-07-24T10:49,"Femera 0.3.541+g1c79c6e", 8473,  162, 2158,   45,    0,   90,00:00:37,"mpic++ 4.8.5","LASLR18020100.ndc.nasa.gov","i7-7820HQ"
2022-07-25T08:50,"Femera 0.3.542+g29492ea", 8473,  162, 2158,   45,    0,   90,00:00:38,"mpic++ 4.8.5","LASLR18020100.ndc.nasa.gov","i7-7820HQ"
2022-07-25T09:35,"Femera 0.3.543+g6b2698f", 8454,  162, 2158,   45,    0,   86,00:00:37,"mpic++ 4.8.5","LASLR18020100.ndc.nasa.gov","i7-7820HQ"
2022-07-25T10:44,"Femera 0.3.544+g82972f9", 8497,  162, 2158,   45,    0,   86,00:00:37,"mpic++ 4.8.5","LASLR18020100.ndc.nasa.gov","i7-7820HQ"
2022-07-25T10:59,"Femera 0.3.545+g40fce6f", 8446,  162, 2158,   45,    0,   86,00:00:37,"mpic++ 4.8.5","LASLR18020100.ndc.nasa.gov","i7-7820HQ"
2022-07-25T13:00,"Femera 0.3.546+g3bf6ab5", 8529,  162, 2158,   45,    0,   86,00:00:37,"mpic++ 4.8.5","LASLR18020100.ndc.nasa.gov","i7-7820HQ"
2022-07-25T15:21,"Femera 0.3.547+g89597e0", 8544,  162, 2158,   45,    0,   86,00:00:40,"mpic++ 4.8.5","LASLR18020100.ndc.nasa.gov","i7-7820HQ"
2022-07-26T07:45,"Femera 0.3.548+g5303d45", 8561,  162, 2158,   45,    0,   86,00:00:39,"mpic++ 4.8.5","LASLR18020100.ndc.nasa.gov","i7-7820HQ"
2022-07-26T08:23,"Femera 0.3.549+g9f80420", 8562,  162, 2158,   45,    0,   85,00:00:37,"mpic++ 4.8.5","LASLR18020100.ndc.nasa.gov","i7-7820HQ"
2022-07-26T08:55,"Femera 0.3.550+gc4af388", 8569,  162, 2158,   45,    0,   84,00:00:39,"mpic++ 4.8.5","LASLR18020100.ndc.nasa.gov","i7-7820HQ"
2022-07-26T09:31,"Femera 0.3.551+g1f0db03", 8578,  162, 2158,   45,    1,   85,00:00:38,"mpic++ 4.8.5","LASLR18020100.ndc.nasa.gov","i7-7820HQ"
2022-07-26T10:13,"Femera 0.3.552+g04f6772", 8575,  162, 2158,   45,    0,   85,00:00:39,"mpic++ 4.8.5","LASLR18020100.ndc.nasa.gov","i7-7820HQ"
2022-07-26T10:44,"Femera 0.3.553+g69aa99b", 8580,  162, 2158,   45,    0,   85,00:00:39,"mpic++ 4.8.5","LASLR18020100.ndc.nasa.gov","i7-7820HQ"
2022-07-26T10:53,"Femera 0.3.554+ge2dbefe", 8583,  162, 2158,   45,    0,   85,00:00:38,"mpic++ 4.8.5","LASLR18020100.ndc.nasa.gov","i7-7820HQ"
2022-07-27T10:37,"Femera 0.3.555+g2934672", 8616,  162, 2159,   45,    0,   84,00:00:39,"mpic++ 4.8.5","LASLR18020100.ndc.nasa.gov","i7-7820HQ"
2022-07-27T11:49,"Femera 0.3.556+g931ec3e", 8589,  162, 2158,   45,    0,   62,00:00:38,"mpic++ 4.8.5","LASLR18020100.ndc.nasa.gov","i7-7820HQ"
2022-07-27T11:57,"Femera 0.3.557+g9662f68", 8589,  162, 2158,   45,    0,   62,00:00:38,"mpic++ 4.8.5","LASLR18020100.ndc.nasa.gov","i7-7820HQ"
2022-07-28T11:48,"Femera 0.3.558+g2862e8c", 8597,  162, 2158,   45,    0,   62,00:00:40,"mpic++ 4.8.5","LASLR18020100.ndc.nasa.gov","i7-7820HQ"
2022-07-29T09:41,"Femera 0.3.559+ga305b0b", 8597,  162, 2158,   45,    0,   61,00:00:38,"mpic++ 4.8.5","LASLR18020100.ndc.nasa.gov","i7-7820HQ"
2022-07-29T10:56,"Femera 0.3.560+g0069b9d", 8627,  162, 2158,   45,    0,   61,00:00:38,"mpic++ 4.8.5","LASLR18020100.ndc.nasa.gov","i7-7820HQ"
2022-07-30T10:27,"Femera 0.3.561+gcae9b11", 8649,  162, 2158,   45,    3,   61,00:00:38,"mpic++ 4.8.5","LASLR18020100.ndc.nasa.gov","i7-7820HQ"
2022-07-30T10:40,"Femera 0.3.562+g685d3c2", 8648,  162, 2158,   45,    0,   61,00:00:40,"mpic++ 4.8.5","LASLR18020100.ndc.nasa.gov","i7-7820HQ"
2022-07-30T11:10,"Femera 0.3.563+g7e3a0e6", 8664,  162, 2158,   45,    0,   61,00:00:38,"mpic++ 4.8.5","LASLR18020100.ndc.nasa.gov","i7-7820HQ"
2022-07-30T11:17,"Femera 0.3.564+g12d562a", 8664,  162, 2158,   45,    0,   61,00:00:39,"mpic++ 4.8.5","LASLR18020100.ndc.nasa.gov","i7-7820HQ"
2022-07-30T11:28,"Femera 0.3.565+g396fc55", 8664,  162, 2158,   45,    0,   61,00:00:38,"mpic++ 4.8.5","LASLR18020100.ndc.nasa.gov","i7-7820HQ"
2022-07-30T11:56,"Femera 0.3.566+ge90fe49", 8662,  162, 2158,   45,    0,   60,00:00:39,"mpic++ 4.8.5","LASLR18020100.ndc.nasa.gov","i7-7820HQ"
2022-07-31T11:16,"Femera 0.3.567+g5d4d6de", 8666,  162, 2158,   45,    0,   61,00:00:38,"mpic++ 4.8.5","LASLR18020100.ndc.nasa.gov","i7-7820HQ"
2022-07-31T12:17,"Femera 0.3.568+g69f0bad", 8691,  162, 2158,   45,    0,   60,00:00:39,"mpic++ 4.8.5","LASLR18020100.ndc.nasa.gov","i7-7820HQ"
